<?xml version="1.0" encoding="UTF-8"?>
<project-private xmlns="http://www.netbeans.org/ns/project-private/1">
    <editor-bookmarks xmlns="http://www.netbeans.org/ns/editor-bookmarks/2" lastBookmarkId="0"/>
    <open-files xmlns="http://www.netbeans.org/ns/projectui-open-files/2">
        <group>
            <file>file:/C:/Users/ferdiyansyah/Documents/0001%20CODING/Java/Latihan1GUI/src/DialogGUI/DialogGUI.java</file>
            <file>file:/C:/Users/ferdiyansyah/Documents/0001%20CODING/Java/Latihan1GUI/src/CardLayoutDemo/CardLayoutDemo.java</file>
            <file>file:/C:/Users/ferdiyansyah/Documents/0001%20CODING/Java/Latihan1GUI/src/GridBagLayoutDemo/GridBagLayoutDemo.java</file>
            <file>file:/C:/Users/ferdiyansyah/Documents/0001%20CODING/Java/Latihan1GUI/src/FlowLayoutDemo/FlowLayoutDemo.java</file>
            <file>file:/C:/Users/ferdiyansyah/Documents/0001%20CODING/Java/Latihan1GUI/src/SpringLayoutDemo/SpringLayoutDemo.java</file>
            <file>file:/C:/Users/ferdiyansyah/Documents/0001%20CODING/Java/Latihan1GUI/src/BorderLayoutDemo/BorderLayoutDemo.java</file>
            <file>file:/C:/Users/ferdiyansyah/Documents/0001%20CODING/Java/Latihan1GUI/src/GridLayoutDemo/GridLayoutDemo.java</file>
            <file>file:/C:/Users/ferdiyansyah/Documents/0001%20CODING/Java/Latihan1GUI/src/BoxLayoutDemo/BoxLayoutDemo.java</file>
            <file>file:/C:/Users/ferdiyansyah/Documents/0001%20CODING/Java/Latihan1GUI/src/latihan1gui/Latihan1GUI.java</file>
        </group>
    </open-files>
</project-private>
