<?xml version="1.0" encoding="UTF-8"?>
<project-private xmlns="http://www.netbeans.org/ns/project-private/1">
    <editor-bookmarks xmlns="http://www.netbeans.org/ns/editor-bookmarks/2" lastBookmarkId="0"/>
    <open-files xmlns="http://www.netbeans.org/ns/projectui-open-files/2">
        <group>
            <file>file:/C:/Users/ferdi/OneDrive/Documents/0001%20CODING/Java/Klinik/src/java/dao/resepDao.java</file>
            <file>file:/C:/Users/ferdi/OneDrive/Documents/0001%20CODING/Java/Klinik/src/java/model/pasien.java</file>
            <file>file:/C:/Users/ferdi/OneDrive/Documents/0001%20CODING/Java/Klinik/src/java/dao/pasienDao.java</file>
            <file>file:/C:/Users/ferdi/OneDrive/Documents/0001%20CODING/Java/Klinik/src/java/model/resep.java</file>
        </group>
    </open-files>
</project-private>
