<?xml version="1.0" encoding="UTF-8"?>
<project-private xmlns="http://www.netbeans.org/ns/project-private/1">
    <editor-bookmarks xmlns="http://www.netbeans.org/ns/editor-bookmarks/2" lastBookmarkId="0"/>
    <open-files xmlns="http://www.netbeans.org/ns/projectui-open-files/2">
        <group>
            <file>file:/C:/Users/Lenovo/Documents/NetBeansProjects/koperasi/web/karyawan/karyawan.js</file>
            <file>file:/C:/Users/Lenovo/Documents/NetBeansProjects/koperasi/src/java/dao/KaryawanDao.java</file>
            <file>file:/C:/Users/Lenovo/Documents/NetBeansProjects/koperasi/web/karyawan/karyawan.html</file>
            <file>file:/C:/Users/Lenovo/Documents/NetBeansProjects/koperasi/web/index.html</file>
            <file>file:/C:/Users/Lenovo/Documents/NetBeansProjects/koperasi/src/java/connection/koneksi.java</file>
            <file>file:/C:/Users/Lenovo/Documents/NetBeansProjects/koperasi/src/java/controller/KaryawanCtr.java</file>
        </group>
    </open-files>
</project-private>
