<?xml version="1.0" encoding="UTF-8"?>
<project-private xmlns="http://www.netbeans.org/ns/project-private/1">
    <editor-bookmarks xmlns="http://www.netbeans.org/ns/editor-bookmarks/2" lastBookmarkId="0"/>
    <open-files xmlns="http://www.netbeans.org/ns/projectui-open-files/2">
        <group>
            <file>file:/C:/Users/ferdiyansyah/Documents/0001%20CODING/Java/Koperasi/web/pinjaman/pinjaman.html</file>
            <file>file:/C:/Users/ferdiyansyah/Documents/0001%20CODING/Java/Koperasi/web/anggota/anggota.js</file>
            <file>file:/C:/Users/ferdiyansyah/Documents/0001%20CODING/Java/Koperasi/src/java/controller/anggotaCtr.java</file>
            <file>file:/C:/Users/ferdiyansyah/Documents/0001%20CODING/Java/Koperasi/src/java/model/pinjaman.java</file>
            <file>file:/C:/Users/ferdiyansyah/Documents/0001%20CODING/Java/Koperasi/src/java/controller/pinjamanCtr.java</file>
            <file>file:/C:/Users/ferdiyansyah/Documents/0001%20CODING/Java/Koperasi/src/java/controller/karyawanCtr.java</file>
            <file>file:/C:/Users/ferdiyansyah/Documents/0001%20CODING/Java/Koperasi/web/pinjaman/pinjaman.js</file>
            <file>file:/C:/Users/ferdiyansyah/Documents/0001%20CODING/Java/Koperasi/src/java/dao/anggotaDao.java</file>
            <file>file:/C:/Users/ferdiyansyah/Documents/0001%20CODING/Java/Koperasi/src/java/dao/pinjamanDao.java</file>
        </group>
    </open-files>
</project-private>
