<?xml version="1.0" encoding="UTF-8"?>
<project-private xmlns="http://www.netbeans.org/ns/project-private/1">
    <editor-bookmarks xmlns="http://www.netbeans.org/ns/editor-bookmarks/2" lastBookmarkId="0"/>
    <open-files xmlns="http://www.netbeans.org/ns/projectui-open-files/2">
        <group>
            <file>file:/C:/Users/ferdi/OneDrive/Documents/0001%20CODING/Java/24library/src/pkg24library/book.java</file>
            <file>file:/C:/Users/ferdi/OneDrive/Documents/0001%20CODING/Java/24library/src/pkg24library/index.java</file>
            <file>file:/C:/Users/ferdi/OneDrive/Documents/0001%20CODING/Java/24library/src/pkg24library/register.java</file>
            <file>file:/C:/Users/ferdi/OneDrive/Documents/0001%20CODING/Java/24library/src/pkg24library/login.java</file>
            <file>file:/C:/Users/ferdi/OneDrive/Documents/0001%20CODING/Java/24library/src/pkg24library/changePassword.java</file>
            <file>file:/C:/Users/ferdi/OneDrive/Documents/0001%20CODING/Java/24library/src/pkg24library/Main.java</file>
            <file>file:/C:/Users/ferdi/OneDrive/Documents/0001%20CODING/Java/24library/src/pkg24library/koneksi.java</file>
            <file>file:/C:/Users/ferdi/OneDrive/Documents/0001%20CODING/Java/24library/src/pkg24library/indexMember.java</file>
        </group>
    </open-files>
</project-private>
