<?xml version="1.0" encoding="UTF-8"?>
<project-private xmlns="http://www.netbeans.org/ns/project-private/1">
    <editor-bookmarks xmlns="http://www.netbeans.org/ns/editor-bookmarks/2" lastBookmarkId="0"/>
    <open-files xmlns="http://www.netbeans.org/ns/projectui-open-files/2">
        <group>
            <file>file:/C:/Users/ferdi/Documents/AAA%20Coding/Java/00_ulang_oop/pboPertemuan6/src/pbopertemuan6/mobil.java</file>
            <file>file:/C:/Users/ferdi/Documents/AAA%20Coding/Java/00_ulang_oop/pboPertemuan6/src/pbopertemuan6/panggil.java</file>
            <file>file:/C:/Users/ferdi/Documents/AAA%20Coding/Java/00_ulang_oop/pboPertemuan6/src/pbopertemuan6/kendaraan.java</file>
        </group>
    </open-files>
</project-private>
